{"cameraMode":{"drawMode":0,"name":"Shaded","section":"Shading Mode"},"sceneLighting":false,"audioPlay":false,"sceneViewState":{"m_AlwaysRefresh":false,"showFog":true,"showSkybox":true,"showFlares":true,"showImageEffects":true,"showParticleSystems":true,"showVisualEffectGraphs":true,"m_FxEnabled":true},"in2DMode":false,"pivot":{"x":398.060302734375,"y":188.14833068847657,"z":-1.5761955976486207},"rotation":{"x":0.021598808467388154,"y":-0.0035972818732261659,"z":0.00007509689021389931,"w":0.9997904896736145},"size":492.7738037109375,"orthographic":false}