{"cameraMode":{"drawMode":0,"name":"Shaded","section":"Shading Mode"},"sceneLighting":false,"audioPlay":false,"sceneViewState":{"m_AlwaysRefresh":false,"showFog":true,"showSkybox":false,"showFlares":true,"showImageEffects":true,"showParticleSystems":true,"showVisualEffectGraphs":true,"m_FxEnabled":true},"in2DMode":false,"pivot":{"x":-19.392263412475587,"y":8.177755355834961,"z":28.434892654418947},"rotation":{"x":0.036561522632837298,"y":0.05066143348813057,"z":-0.0018036003457382322,"w":0.9981586337089539},"size":35.76963424682617,"orthographic":false}